{
  "project_info": {
    "project_number": "874814916705",
    "firebase_url": "https://farmdb-8ffac-default-rtdb.firebaseio.com",
    "project_id": "farmdb-8ffac",
    "storage_bucket": "farmdb-8ffac.firebasestorage.app"
  },
  "client": [
    {
      "client_info": {
        "mobilesdk_app_id": "1:874814916705:android:6c9b8501e8a0113e964220",
        "android_client_info": {
          "package_name": "com.example.farmkita"
        }
      },
      "oauth_client": [],
      "api_key": [
        {
          "current_key": "AIzaSyA-pQ_u3AKANOWIBRp5USEEGlA-a9S4FB4"
        }
      ],
      "services": {
        "appinvite_service": {
          "other_platform_oauth_client": []
        }
      }
    }
  ],
  "configuration_version": "1"
}